GRCh37Chromosome;GRCh37Location;GRCh38Chromosome;GRCh38Location
1;156084943;1;156115152
1;156105758;1;156135967
1;156105828;1;156136037
1;236924432;1;236761132
1;237608788;1;237445488
1;237617696;1;237454396
1;237804238;1;237640938
1;237413038-237540797;;
2;220285637;2;219420915
3;14183165;3;14141665
3;38591815;3;38550324
3;38592996;3;38551505
3;38639296-38639298;3;38597805-38597807
6;7542129-7586131;6;7541896-7585898
6;7542139-7586121;6;7541906-7585888
6;7555985-7555986;6;7555752-7555753
6;7555994;6;7555761
6;7556006;6;7555773
6;7556030;6;7555797
6;7556048;6;7555815
6;7556053;6;7555820
6;7558388;6;7558155
6;7558403-7558407;6;7558170-7558174
6;7558404-7558405;6;7558171-7558172
6;7559500;6;7559267
6;7559514;6;7559281
6;7559559;6;7559326
6;7562986;6;7562753
6;7562987;6;7562754
6;7565590;6;7565357
6;7565638-7565641;6;7565405-7565408
6;7565711;6;7565478
6;7565733;6;7565500
6;7565739;6;7565506
6;7565740-7565741;6;7565507-7565508
6;7565754;6;7565521
6;7566611-7566612;6;7566378-7566379
6;7567600-7567601;6;7567367-7567368
6;7568012;6;7567779
6;7568035;6;7567802
6;7568052;6;7567819
6;7568107;6;7567874
6;7568668;6;7568435
6;7568676;6;7568443
6;7568681-7568682;6;7568448-7568449
6;7568691;6;7568458
6;7568814-7568815;6;7568581-7568582
6;7569418;6;7569185
6;7570650-7586131;6;7570417-7585898
6;7570677;6;7570444
6;7570745;6;7570512
6;7571676;6;7571443
6;7571745;6;7571512
6;7571787;6;7571554
6;7571796;6;7571563
6;7571811;6;7571578
6;7572171;6;7571938
6;7574424;6;7574191
6;7574888;6;7574655
6;7574915;6;7574682
6;7575030;6;7574797
6;7575527;6;7575294
6;7575588;6;7575355
6;7575693;6;7575460
6;7576621;6;7576388
6;7576690;6;7576457
6;7577219;6;7576986
6;7577240-7577241;6;7577007-7577008
6;7577241;6;7577008
6;7578052;6;7577819
6;7578081-7578082;6;7577848-7577849
6;7578093;6;7577860
6;7578754-7578755;6;7578521-7578522
6;7579549-7579550;6;7579316-7579317
6;7579556;6;7579323
6;7579580-7579589;6;7579347-7579356
6;7579664;6;7579431
6;7579676;6;7579443
6;7579712-7579713;6;7579479-7579480
6;7579760;6;7579527
6;7579771;6;7579538
6;7579857;6;7579624
6;7579896-7579897;6;7579663-7579664
6;7579947;6;7579714
6;7580053;6;7579820
6;7580102;6;7579869
6;7580155-7580156;6;7579922-7579923
6;7580228;6;7579995
6;7580252;6;7580019
6;7580288;6;7580055
6;7580458-7580462;6;7580225-7580229
6;7580603;6;7580370
6;7580621;6;7580388
6;7580728-7580732;6;7580495-7580499
6;7580780;6;7580547
6;7580795;6;7580562
6;7580818-7580819;6;7580585-7580586
6;7580818;6;7580585
6;7580843;6;7580610
6;7580954;6;7580721
6;7581226;6;7580993
6;7581245;6;7581012
6;7581245-7581246;6;7581012-7581013
6;7581305-7581309;6;7581072-7581076
6;7581422;6;7581189
6;7581632;6;7581399
6;7581635;6;7581402
6;7581692;6;7581459
6;7581744-7581747;6;7581511-7581514
6;7582923;6;7582690
6;7582952-7582953;6;7582719-7582720
6;7582955-7582961;6;7582722-7582728
6;7583045-7583052;6;7582812-7582819
6;7583160-7583161;6;7582927-7582928
;;6;7582933-7587670
6;7583174-7583177;6;7582941-7582944
6;7583239-7583240;6;7583006-7583007
6;7583265-7583266;6;7583032-7583033
6;7583295;6;7583062
6;7583346;6;7583113
6;7583757;6;7583524
6;7583960-7583961;6;7583727-7583728
6;7583991;6;7583758
6;7583997-7584000;6;7583764-7583767
6;7584005-7584006;6;7583772-7583773
6;7584076-7584077;6;7583843-7583844
6;7584260;6;7584027
6;7584445-7584446;6;7584212-7584213
6;7584570;6;7584337
6;7584735;6;7584502
6;7585054-7585057;6;7584821-7584824
6;7585366-7585367;6;7585133-7585134
6;7585649;6;7585416
6;7585996;6;7585763
6;118880120-118880122;6;118558957-118558959
6;7570660-7586121;;
10;67726472-67726474;10;65966714-65966716
10;69366626;10;67606868
12;32945338-33049685;12;32792404-32896751
12;32945428;12;32792494
12;32945601;12;32792667
12;32945604;12;32792670
12;32945646;12;32792712
12;32949042;12;32796108
12;32949043-32955490;12;32796109-32802556
12;32949146;12;32796212
12;32949194-32949198;12;32796260-32796264
12;32949219-32949220;12;32796285-32796286
12;32949233;12;32796299
12;32955317-32955510;12;32802383-32802576
12;32955355-32955356;12;32802421-32802422
12;32955433-32955438;12;32802499-32802504
12;32955433;12;32802499
12;32955434-32955438;12;32802500-32802504
12;32955434-32955439;12;32802500-32802505
12;32955442;12;32802508
12;32955491;12;32802557
12;32974316;12;32821382
12;32974352-32974354;12;32821418-32821420
12;32974407;12;32821473
12;32974436;12;32821502
12;32974457;12;32821523
12;32975416-32975417;12;32822482-32822483
12;32975421;12;32822487
12;32975436-32975437;12;32822502-32822503
12;32975460;12;32822526
12;32975471;12;32822537
12;32975524;12;32822590
12;32975528;12;32822594
12;32975532;12;32822598
12;32975550-32975551;12;32822616-32822617
12;32976959-32977116;12;32824025-32824182
12;32976979-32977096;12;32824045-32824162
12;32976982;12;32824048
12;32977025;12;32824091
12;32977026;12;32824092
12;32977028;12;32824094
12;32977056-32977057;12;32824122-32824123
12;32977069;12;32824135
12;32977076;12;32824142
12;32977097;12;32824163
12;32977098;12;32824164
12;32993961;12;32841027
12;32993972-32993973;12;32841038-32841039
12;32993986;12;32841052
12;32994007;12;32841073
12;32994036;12;32841102
12;32994037;12;32841103
12;32994083-32994084;12;32841149-32841150
12;32994108;12;32841174
12;32994141;12;32841207
12;32996115;12;32843181
12;32996182-32996186;12;32843248-32843252
12;33003690-33003917;12;32850756-32850983
12;33003698;12;32850764
12;33003699;12;32850765
12;33003706-33003709;12;32850772-32850775
12;33003763-33003771;12;32850829-32850837
12;33003776-33003777;12;32850842-32850843
12;33003807;12;32850873
12;33003826;12;32850892
12;33003841;12;32850907
12;33003866-33003867;12;32850932-32850933
12;33003909;12;32850975
12;33021859;12;32868925
12;33021860;12;32868926
12;33021869;12;32868935
12;33021893;12;32868959
12;33021899-33021906;12;32868965-32868972
12;33021899;12;32868965
12;33021952;12;32869018
12;33021997;12;32869063
12;33030779;12;32877845
12;33030780-33031966;12;32877846-32879032
12;33030811;12;32877877
12;33030830-33030831;12;32877896-32877897
12;33030831-33030863;12;32877897-32877929
12;33030838-33030839;12;32877904-32877905
12;33030843-33030846;12;32877909-32877912
12;33030862-33030863;12;32877928-32877929
12;33030863;12;32877929
12;33030976-33030977;12;32878042-32878043
12;33031039;12;32878105
12;33031042;12;32878108
12;33031151;12;32878217
12;33031159-33031160;12;32878225-32878226
12;33031191;12;32878257
12;33031280-33031281;12;32878346-32878347
12;33031315;12;32878381
12;33031417;12;32878483
12;33031424;12;32878490
12;33031445;12;32878511
12;33031446;12;32878512
12;33031479;12;32878545
12;33031913-33031917;12;32878979-32878983
12;33031915;12;32878981
12;33031916-33033605;12;32878982-32880671
12;33031918-33031921;12;32878984-32878987
12;33031933-33031934;12;32878999-32879000
12;33031955;12;32879021
12;33049433-33049675;12;32896499-32896741
12;33049501-33049522;12;32896567-32896588
12;33049513-33049514;12;32896579-32896580
12;33049515-33049518;12;32896581-32896584
12;33049598;12;32896664
12;33049652;12;32896718
12;32993952-33003917;;
12;33030770-33031976;;
12;32945348-33049675;;
12;33030770-33049675;;
12;32976969-32977106;;
12;33021851-33022006;;
12;32945568-32949242;;
12;33003694-33003913;;
12;32945338-32977116;;
14;76425035;14;75958692
17;3567493;17;3664199
17;39913885;17;41757633
17;39914003;17;41757751
17;39919270-39919277;17;41763018-41763025
17;39925383;17;41769131
17;39927898;17;41771646
17;39927988-39927989;17;41771736-41771737
17;39927889-39928116;;
17;3394299-3632836;;
18;28648905;18;31068939
18;28650672-28650836;18;31070706-31070870
18;28650742;18;31070776
18;28650756;18;31070790
18;28654696;18;31074730
18;28654874;18;31074908
18;28659816;18;31079850
18;28660152;18;31080186
18;28660210-28660211;18;31080244-31080245
18;28662973;18;31083007
18;28663027;18;31083061
18;28666598-28666599;18;31086635-31086636
18;28666635;18;31086672
18;28666657;18;31086694
18;28667658;18;31087695
18;28667744;18;31087781
18;;18;31092081-31101991
18;28672150;18;31092187
18;28673502-28673626;18;31093539-31093663
18;28673521;18;31093558
18;28673580;18;31093617
18;28681900-28681901;18;31101937-31101938
18;29078217;18;31498254
18;29078260;18;31498297
18;29099821;18;31519858
18;29099830;18;31519867
18;29099901;18;31519938
18;29101147-29101148;18;31521184-31521185
18;29101176-29101177;18;31521213-31521214
18;29101191-29101195;18;31521228-31521232
18;29101207-29101208;18;31521244-31521245
18;29101207;18;31521244
18;29101208;18;31521245
18;29102143-29102148;18;31522180-31522185
18;29102213;18;31522250
18;29104410;18;31524447
18;29104512;18;31524549
18;29104517;18;31524554
18;29104707-29104708;18;31524744-31524745
18;29104715-29104716;18;31524752-31524753
18;29104755;18;31524792
18;29104778;18;31524815
18;29110951;18;31530988
18;29116261;18;31536298
18;29118812;18;31538849
18;29118833-29118834;18;31538870-31538871
18;29118885-29118886;18;31538922-31538923
18;29121154;18;31541191
18;29122735;18;31542772
18;29125877;18;31545914
18;29125898;18;31545935
18;29125967;18;31546004
18;29126107-29126108;18;31546144-31546145
18;29126165;18;31546202
18;29126271;18;31546308
18;29126404-29126407;18;31546441-31546444
18;28647971-28650826;;
18;29099756-29099910;;
18;28654629-28673626;;
3;;3;189868597
6;;6;7559225
1;;1;241497953
6;7571669-7571670;6;
6;7571737-7571738;6;
6;;6;7579954
6;;6;7579989
6;7581171;6;
6;;6;7581151
6;;6;7581514
6;;6;7585178
8;;8;133029907
6;7585117;6;7584884
12;;12;32896581-32896584
12;33049448;12;
16;;16;58002638
12;;12;32878461
12;33031279-33031280;12;
12;33031043;12;32878109
12;33030834-33030843;12;
12;33003710;12;
12;;12;32850772-32850775
12;32994050-32994053;12;
12;;12;32841085-32841086
12;32977081;12;
12;32977056-32977057;12;
12;32977029-32977030;12;
12;;12;32822599
12;:32975424;12;
12;32975412;12;
12;32974426;12;
12;;12;32821488
12;;12;32821439
12;32974358-32974359;12;
12;32974348;12;32821414
12;32974340;12;
12;32955470;12;
12;32955460;12;
12;32955439-32955440;12;
12;;12;32802500-32802505
12;;12;
12;;12;
12;32949106;12;
12;32949048;12;32796114
12;32945666;12;
12;32945611;12;
12;-32945586;12;
17;39927988-39927989;17;
18;;18;31092151
18;;18;31087815
18;;18;31082969
18;;18;31082955
18;29100766;18;
18;29100809;18;
18;29100847;18;
18;29102136;18;
18;;18;31524702-31524713
18;29104825;18;
18;;18;31524865
18;29115376;18;
18;;18;31536370
18;29118734;18;
18;29118835-29118836;18;
18;;18;31545820
6;7568728;6;
6;7578756;6;
12;;12;32822535
12;33049611;12;
12;33031456;12;
12;33030896-33030897;12;
12;;12;32843314
18;29100929;18;
18;;18;31524877
6;7565632-7565633;6;
6;7567602-7567603;6;
6;;6;7574782
6;7575702-7575705;6;
17;;17;41769201
6;7575607-7575610;6;
6;7580394-7580397;6;
12;32955490-32955491;12;
6;7572188;6;
6;7580759;6;
12;33031183;12;
12;;12;32850888
12;33003763-33003771;12;
12;32974289;12;32821355
12;32949173;12;
18;29104665-29104672;18;
6;7568736;6;
12;33049481-33049482;12;
12;32949084-32949085;12;
12;33031854;12;32878920
12;32949199;12;
6;7565631;6;
6;7579626-7579627;6;
6;7583818;6;
6;7567666;6;
6;7568775;6;
18;29126339;18;
18;29101120;18;31521157
18;29102211;18;
18;29104727;18;
18;;18;31541225
18;29126122;18;
12;32974287;12;
12;32955432;12;
6;7580880;6;
6;7580433-7580435;6;
6;7565622;6;
18;28673543;18;
12;33049448-33049449;12;
18;;18;31068134
6;7585279;6;
12;;12;32843227
13;;13;32792681
12;;12;32822546
6;;6;7584760-7584765
1;33030831-33030832;1;
12;32955492;12;
18;;18;31524835
6;7570693;6;
6;7562907;6;
12;33049442;12;
12;;12;32879000-32879003
12;33031227;12;32878293
12;;12;32878167
12;33030827;12;32877888-32877894
12;32974377;12;
12;32949101;12;32796167
18;29099820;18;
18;29104719-29104720;18;
18;29104814;18;31524851
18;29121195-29121208;18;
6;7580418-7580419;6;
6;7583494-7583495;6;
6;7584345;6;7584112
6;7585494;6;
12;33030973;12;
12;32993993-32994002;12;
18;28662344;18;31082378
18;29125786;18;
6;7572302;6;7572069
6;7576661-7576662;6;
3;;3;14134898
18;28651780-28651783;18;
12;33031156;12;32878222
12;32955462;12;
18;29110973-29110975;18;
18;29126489;18;31546526
6;;6;7567904
18;29115333;18;
18;;18;31546445-31546448
6;7583661;6;
17;;17;41769002
17;;17;41763200
17;;17;41763261
2;;2;219421340
2;;2;219425734
6;7580324;6;
17;;17;41769069
18;28667722;18;
18;28662354-28662355;18;
17;;17;41771784
17;;17;41769418
18;28648134;18;
6;;6;7582775
18;29125698;18;
17;;17;41767386
6;7571704;6;7571471
12;33003812-33003813;12;
6;;6;7580307
6;7583091;6;
2;;2;219418809
17;39923746;17;
6;7566616-7566617;6;
6;7574318;6;
12;;12;32824052
12;;12;32824045-32824162
18;;18;31089461
6;7572153;6;
12;32974401;12;
12;33049583;12;
18;29101167;18;
6;7585785-7585786;6;
6;7581631-7581632;6;
12;;12;32896542
12;;12;32822595
2;;2;178769894
12;33031380-33031381;12;
2;;2;219418802-219418804
2;;2;219423787
6;;6;118558957-118558959
6;;6;118558946
6;;6;118559037
6;7578090;6;
1;;1;156134457
1;;1;156138719
12;33049491;12;
18;;18;31082267
12;33021968;12;32869034
12;;12;32850967
12;32955419-32955420;12;
6;7580207;6;
18;29126410-29126411;18;
12;;12;32879035
12;33031853;12;
12;33031358;12;
12;33031316;12;
12;33031306;12;
12;33031246;12;
12;33031085;12;
12;33030944;12;
12;32994053;12;
12;32955457;12;
12;32955396;12;32802466
18;29099789;18;
18;;18;31522152
18;29102207;18;
18;29115286;18;
17;39912435;17;
6;;6;7574719
12;33031013;12;
12;33003703;12;
2;;2;219421380
6;;6;7585042
12;;12;32878332
1;;1;32869004
1;;1;156135925
1;;1;156114934
1;;1;156135956
1;;1;156134928
1;;1;156135922
2;;2;219420116
2;;2;219423817
1;;1;156134964
1;;1;156134838
1;;1;156137150
1;;1;156136074-156136088
18;;18;31080340
6;7559512;6;
12;33021998;12;
12;32955464-32955467;12;
6;7542299;6;7542066
6;7555988-7555989;6;7555752-7555753
;7559583;;
6;7562908;6;
6;7565681;6;7565448
6;7568695;6;7568462
6;7569519;6;
6;7578054;6;7577821
6;7578756;6;
6;7579583-7579592;6;7579350-7579359
6;7579949;6;7579716
6;7580466;6;
6;7581247;6;7581012-7581013
6;7583050;6;7582817
6;7583905;6;7583672
6;7584712;6;
6;7585118;6;
6;7585275;6;
6;7585561;6;
6;7585764;6;
18;28681931;18;31101968
18;28666607;18;
18;28666536;18;
18;28662890;18;31082924
18;28659955;18;
18;28651758;18;31071792
18;28648998-28649000;18;31069032-31069034
18;28648855;18;
18;28660095;18;
12;33049515-33049518;12;32896581-32896584
12;33031918-33031921;12;32878984-32878987
12;33031358;12;
12;33031043;12;
12;33031013;12;
12;33030973;12;
12;33003873;12;
12;33003867;12;32850933
12;33003847;12;32850913
12;33003706-33003709;12;
12;32996111;12;32843177
12;32994053;12;
12;32975424;12;
12;32975417-32975420;12;32822483-32822486
12;32955434-32955439;12;32802500-32802505
12;32949194-32949198;12;32796260-32796264
12;32949039;12;32796105
12;32945429;12;
17;39927989-39927991;17;41771737-41771739